{"cameraMode":{"drawMode":0,"name":"Shaded","section":"Shading Mode"},"sceneLighting":true,"audioPlay":false,"sceneViewState":{"m_AlwaysRefresh":false,"showFog":true,"showSkybox":true,"showFlares":true,"showImageEffects":true,"showParticleSystems":true,"showVisualEffectGraphs":true,"m_FxEnabled":true},"in2DMode":false,"pivot":{"x":-0.6830174922943115,"y":-0.026536118239164354,"z":2.159640073776245},"rotation":{"x":-0.12675033509731294,"y":-0.0790744349360466,"z":0.010137050412595272,"w":-0.9887281656265259},"size":2.4451990127563478,"orthographic":false}